<?xml version="1.0" encoding="UTF-8"?>
<project-private xmlns="http://www.netbeans.org/ns/project-private/1">
    <editor-bookmarks xmlns="http://www.netbeans.org/ns/editor-bookmarks/2" lastBookmarkId="0"/>
    <open-files xmlns="http://www.netbeans.org/ns/projectui-open-files/2">
        <group>
            <file>file:/C:/Users/misla/Downloads/bloodbank/bloodbank/src/bloodbank/s_b_no.java</file>
            <file>file:/C:/Users/misla/Downloads/bloodbank/bloodbank/src/bloodbank/s_date.java</file>
            <file>file:/C:/Users/misla/Downloads/bloodbank/bloodbank/src/bloodbank/Bloodbank.java</file>
            <file>file:/C:/Users/misla/Downloads/bloodbank/bloodbank/src/bloodbank/s_name.java</file>
            <file>file:/C:/Users/misla/Downloads/bloodbank/bloodbank/src/bloodbank/s_b_name.java</file>
            <file>file:/C:/Users/misla/Downloads/bloodbank/bloodbank/src/bloodbank/s_No.java</file>
            <file>file:/C:/Users/misla/Downloads/bloodbank/bloodbank/src/bloodbank/search3.java</file>
            <file>file:/C:/Users/misla/Downloads/bloodbank/bloodbank/src/bloodbank/sold.java</file>
            <file>file:/C:/Users/misla/Downloads/bloodbank/bloodbank/src/bloodbank/first.java</file>
            <file>file:/C:/Users/misla/Downloads/bloodbank/bloodbank/src/bloodbank/search.java</file>
            <file>file:/C:/Users/misla/Downloads/bloodbank/bloodbank/src/bloodbank/s_gno.java</file>
            <file>file:/C:/Users/misla/Downloads/bloodbank/bloodbank/src/bloodbank/newdonor.java</file>
        </group>
    </open-files>
</project-private>
